index,CRASH_TIME,latitude,longitude
0,16:00,40.7232769,-73.937409
1,17:30,40.7635785,-73.9218766
2,21:06,40.6449695,-73.9589861
3,20:00,40.6155746,-74.0782641
4,22:50,40.6975502,-73.9831079
5,15:49,40.8044148,-73.9117911
6,11:00,40.692539,-73.9909899
7,22:20,40.626436,-73.9180538
8,22:58,40.5269443,-74.1673078
9,17:40,40.8149981,-73.8940086
10,16:35,40.8901351,-73.8198731
11,17:20,40.6504061,-73.894214
12,21:20,40.7933166,-73.972654
13,17:20,40.7253843,-74.0001272
14,14:30,40.7671579,-73.9817463
15,23:20,40.6497835,-73.9622055
16,14:30,40.8582836,-73.8432938
17,13:15,40.6642464,-73.9190994
18,20:34,40.668465,-73.9256007
19,12:16,40.8410341,-73.8644818
20,18:15,40.70955,-73.9588531
21,17:00,49.1343313,-122.7124922
22,20:27,40.668442,-73.779808
23,16:08,40.6966659,-73.9347851
24,8:05,38.5315659,-121.4832566
25,20:13,40.847434,-73.899678
26,16:30,40.542896,-74.1557796
27,6:05,40.7141332,-73.9281427
28,8:40,40.7220335,-73.8856341
29,6:45,40.691823,-73.92223
30,12:00,40.8560061,-73.9121525
31,19:10,40.6420511,-73.9812283
32,13:55,40.698138,-73.891106
33,0:00,40.6466313,-73.9247789
34,22:25,40.7607741,-73.9982813
35,10:09,40.7460894,-73.9749321
36,0:01,40.6262946,-74.0157014
37,20:45,40.7679746,-73.968209
38,10:45,40.5791872,-73.9762031
39,12:00,40.573649,-74.1125198
40,3:39,40.619399,-73.9695091
41,15:05,40.7088175,-73.925773
42,9:33,40.823965,-73.8771406
43,16:05,40.6317481,-73.9679245
44,13:02,33.9808203,-118.2564676
45,17:55,40.679233,-73.9040249
46,20:26,40.8365982,-73.9431735
47,11:45,40.579344,-74.1696184
48,0:10,40.8051647,-73.9452757
49,8:03,40.7488432,-73.9700069
50,6:45,40.5404887,-74.1534042
51,22:43,40.7384536,-73.9386203
52,12:26,40.7514581,-74.0014386
53,8:10,40.7615707,-73.9706449
54,16:00,40.6896477,-73.9184092
55,18:30,40.5969922,-73.9732223
56,17:30,40.5652742,-74.1300877
57,20:10,40.6882197,-73.9658287
58,9:05,40.7048375,-73.8011186
59,14:30,40.8767978,-73.8744482
60,17:20,40.8482815,-73.8831151
61,16:00,40.667262,-73.8879895
62,17:55,40.8440784,-73.9230344
63,10:30,40.6804939,-73.8213476
64,23:36,40.8344108,-73.9285571
65,0:00,40.7357024,-73.9037703
66,19:45,40.6948376,-73.9838064
67,15:18,40.6204583,-74.0293123
68,17:50,40.6185917,-73.9984504
69,20:02,40.8232032,-73.889493
70,19:00,40.827923,-73.9009347
71,22:21,40.6690088,-73.9338929
72,23:14,40.8758742,-73.8498969
73,22:36,40.8482006,-73.9366006
74,14:50,40.6308364,-73.9073515
75,16:58,40.7643734,-73.9616091
76,9:00,40.8050143,-73.9210872
77,17:00,40.664059,-73.738452
78,13:14,40.796313,-73.9382718
79,2:25,40.6656347,-73.7392209
80,16:00,40.6804687,-73.7920854
81,11:35,40.7378139,-73.9349668
82,12:26,40.7786086,-73.9816391
83,0:30,25.8581493,-80.2503981
84,15:10,40.7331743,-73.9368349
85,14:41,40.6336591,-73.8987341
86,14:00,40.8044148,-73.9117911
87,14:30,40.7158155,-73.8244978
88,14:36,40.6267789,-73.946878
89,10:00,40.8252252,-73.8676343
90,21:30,40.8541324,-73.8908848
91,14:06,40.7032975,-73.7960806
92,15:21,40.6297093,-73.9048506
93,0:40,40.7022763,-73.8115233
94,17:25,40.8947378,-73.8614137
95,11:00,40.6814821,-73.8504657
96,9:31,40.8243275,-73.8743676
97,21:52,40.6578726,-73.9164333
98,17:30,40.7179135,-73.9533893
99,8:30,40.7397354,-73.7062319
100,10:40,40.6947804,-73.9824403
101,8:30,40.6140717,-74.0139139
102,18:50,40.6331689,-73.9776328
103,15:23,25.853299,-80.2215559
104,17:55,40.7016756,-73.9614503
105,0:42,40.8064194,-73.9422689
106,12:30,40.7622473,-73.9898785
107,8:30,40.8636838,-73.8917963
108,18:36,40.5766296,-73.9847807
109,13:45,40.601185,-73.990972
110,19:46,40.7564635,-73.9703223
111,12:40,40.5752643,-73.9765221
112,17:45,40.7860169,-73.8457509
113,20:00,40.6011348,-73.9970776
114,9:10,40.5984376,-74.0785822
115,19:39,40.652921,-73.9593851
116,21:00,40.6909703,-73.9483445
117,17:11,40.8037164,-73.9158462
118,2:00,40.7497513,-73.8843057
119,19:54,40.7382982,-73.9876735
120,12:00,40.7016756,-73.9614503
121,10:05,40.7577363,-73.9694054
122,8:23,40.7212122,-73.761175
123,12:30,40.868285,-73.8331451
124,15:58,40.6949924,-73.9525012
125,11:50,40.727211,-73.9074165
126,8:41,40.704564,-73.910655
127,0:00,40.669445,-73.8839922
128,15:05,40.6935059,-73.979214
129,0:00,40.7652641,-73.8151593
130,12:17,40.7470522,-73.9812721
131,10:37,40.8748073,-73.877029
132,19:15,40.7067924,-73.859039
133,21:30,40.6497835,-73.9622055
134,11:30,40.688961,-73.933249
135,18:03,40.8806621,-73.8776198
136,20:07,40.8487593,-73.9323322
137,22:22,40.6599024,-73.9053632
138,12:20,53.4728361,-113.3938037
139,2:30,40.718835,-73.984243
140,13:31,40.7219316,-73.9368084
141,15:20,40.8422611,-73.9275989
142,4:46,40.7466831,-73.9744875
143,22:17,40.8581329,-73.8957368
144,14:35,40.708625,-73.945125
145,2:09,40.8057121,-73.9345229
146,13:40,40.6556181,-73.9259708
147,10:10,40.6870108,-73.792074
148,11:46,40.703259,-73.864728
149,21:24,40.7596553,-73.9582108
150,23:30,40.705461,-73.7814805
151,19:00,40.7185771,-73.7957088
152,4:35,40.7534887,-73.9808774
153,23:46,40.8430559,-73.8477408
154,12:30,40.6209195,-73.975271
155,0:30,25.8581493,-80.2503981
156,13:40,40.7157141,-73.8077761
157,16:01,40.8357258,-73.888746
158,20:00,40.7817096,-73.8238507
159,15:45,40.7314155,-73.9464147
160,8:20,40.7612355,-73.9638956
161,19:09,40.6689855,-73.906681
162,18:20,40.6372837,-73.9317717
163,12:45,40.8744637,-73.9002981
164,15:34,40.7488786,-73.9758504
165,3:46,40.7496629,-73.966833
166,6:15,40.80932,-73.9295188
167,19:30,40.6667479,-73.902236
168,10:30,40.7131597,-73.9007435
169,16:20,40.6523261,-73.9275238
170,19:45,40.8655259,-73.8622817
171,9:20,40.6206143,-74.1523364
172,9:30,40.7472995,-73.9758304
173,16:54,40.8035651,-73.9118408
174,0:17,40.6620595,-73.9196378
175,13:02,40.6904471,-73.9594227
176,11:38,40.6586765,-73.9001774
177,22:50,40.6971618,-73.7275294
178,13:07,40.700659,-73.936416
179,6:30,40.6865453,-73.7761233
180,9:50,40.6370623,-73.986419
181,12:00,40.6191141,-74.1596078
182,9:35,40.7149271,-73.9478427
183,6:10,40.747352,-73.886705
184,18:18,40.6963206,-73.9754467
185,12:00,40.7243482,-73.7425023
186,14:20,40.5862667,-73.9861917
187,23:05,40.6507307,-73.9206022
188,22:15,40.7273749,-73.90312
189,15:10,40.5732105,-74.0970884
190,16:50,40.7403271,-73.9278069
191,15:02,40.6840101,-73.9502997
192,10:16,40.7002048,-73.9538913
193,8:30,40.6869661,-73.7517576
194,9:52,40.7044763,-73.8763058
195,11:10,40.708361,-73.924003
196,11:20,40.739528,-73.925121
197,18:04,40.6379937,-74.021332
198,21:40,40.7509846,-73.9402762
199,16:10,49.217343,-122.6584419
200,15:00,40.5885322,-73.9623196
201,19:45,40.7410159,-73.7257912
202,8:24,40.678749,-73.793993
203,20:17,40.827834,-73.9193389
204,16:08,40.5758366,-74.1240566
205,17:47,40.640955,-73.9485191
206,20:29,40.7679828,-73.8771979
207,13:06,40.6698356,-73.9098168
208,20:59,40.763546,-73.882082
209,9:35,40.6513628,-73.8927507
210,0:08,40.696565,-73.791247
211,2:12,40.6781792,-73.8977501
212,16:49,30.0414047,-89.9573265
213,13:45,40.708678,-73.93698
214,15:05,40.8247877,-73.9366741
215,18:23,40.5972906,-73.9986599
216,21:20,40.8781543,-73.840024
217,22:20,40.6970006,-73.935293
218,22:32,40.6732546,-73.8777201
219,18:15,40.6668863,-73.9949048
220,18:10,40.6353374,-73.9581585
221,17:03,40.7149364,-73.7931563
222,14:54,40.7302034,-73.954274
223,15:30,40.677924,-73.918191
224,7:44,40.6078857,-73.925535
225,13:45,40.5402121,-74.1490301
226,19:40,40.7034077,-73.8627577
227,14:44,40.583836,-73.8230873
228,9:30,40.877825,-73.8795819
229,15:45,40.7744938,-73.8380924
230,9:15,40.7406,-73.8102475
231,9:00,40.6476644,-73.9735247
232,11:15,40.7198209,-73.9921059
233,22:00,40.7904206,-73.951817
234,20:00,40.6481144,-73.9147483
235,23:09,40.6804939,-73.8213476
236,22:45,40.6291184,-74.0346538
237,11:40,40.69982,-73.920127
238,14:15,40.7797942,-73.7848595
239,10:10,40.6980389,-73.7622438
240,12:30,40.628912,-73.9714409
241,18:00,40.6750448,-73.9305402
242,8:04,40.6008878,-73.9586844
243,9:40,40.83297,-73.8281755
244,23:06,40.8636838,-73.8917963
245,4:45,40.6894388,-73.9422214
246,12:47,40.6766648,-73.8903851
247,0:00,40.8328124,-73.9459209
248,17:00,39.3754523,-78.0237823
249,13:45,40.6767676,-73.9173948
250,16:25,40.8011835,-73.9416883
251,7:40,40.6799384,-73.9138701
252,5:27,40.6781634,-74.0141404
253,18:10,40.5897044,-73.7993851
254,18:16,40.6603334,-73.9132166
255,21:20,40.7558066,-73.9864211
256,21:42,40.6861236,-73.8699128
257,12:07,40.7499212,-73.8622805
258,18:55,40.6418958,-73.93325
259,9:20,40.6627531,-73.9316267
260,1:00,40.7615144,-73.883592
261,10:50,40.616312,-74.1567054
262,11:30,40.5806881,-73.9855851
263,22:55,40.6398171,-73.9513087
264,7:00,40.4572938,-80.0515797
265,16:55,40.7581223,-73.8962544
266,15:30,40.8345521,-73.8658533
267,8:00,40.7344433,-73.721781
268,18:55,40.6419815,-73.8988836
269,0:30,40.8006668,-73.946464
270,10:00,40.8462218,-73.9122738
271,18:35,40.707509,-73.9415203
272,19:05,40.7216453,-73.8095887
273,17:16,40.6682781,-73.902637
274,13:36,40.6714568,-73.7894247
275,0:30,40.6663773,-73.7644395
276,9:45,40.7915312,-73.9447036
277,14:30,40.6630513,-73.7487238
278,14:35,40.8356158,-73.9137667
279,9:40,40.7292241,-73.8713869
280,13:55,40.6747422,-73.9977728
281,15:40,40.7044883,-73.9488004
282,0:01,40.7425303,-73.9492361
283,10:39,40.7421814,-73.8044905
284,0:27,40.8422611,-73.9275989
285,18:35,40.5769936,-73.9815755
286,17:58,30.0945726,-95.6356964
287,16:50,40.6833346,-74.0019564
288,0:00,40.6842478,-73.9381512
289,9:15,40.6761221,-73.9219179
290,23:57,40.588077,-74.161265
291,20:00,40.6531635,-73.9661976
292,17:20,40.6583118,-73.9310961
293,19:15,40.7697512,-73.9605925
294,18:00,40.6084846,-74.1554442
295,20:45,40.7445613,-73.955975
296,16:00,40.7785935,-73.7758862
297,14:50,40.777504,-73.9549428
298,9:00,40.6778783,-73.850636
299,21:55,40.846033,-73.917152
300,9:49,40.6671374,-73.8346729
301,15:50,40.8446075,-73.9008037
302,17:15,40.6550522,-73.9562951
303,18:20,40.710357,-73.9638869
304,7:50,40.818861,-73.9561355
305,8:28,40.6585561,-73.8905344
306,4:25,40.6938842,-73.7296505
307,12:12,40.7061562,-74.0060169
308,1:17,40.8211673,-73.886345
309,3:15,40.685588,-73.785839
310,13:25,40.6315603,-73.9954351
311,15:00,40.7230448,-73.8562954
312,10:20,40.7573499,-73.9859929
313,18:25,40.785466,-73.9729224
314,0:00,40.8675865,-73.8406826
315,15:35,40.8650589,-73.921855
316,10:46,40.7075359,-73.9611499
317,21:08,40.727211,-73.9074165
318,12:35,40.8043256,-73.939393
319,6:00,40.6730156,-73.8971752
320,9:10,40.6678772,-73.7625579
321,12:10,40.697328,-73.8296118
322,21:55,40.898377,-73.872824
323,22:30,40.7414266,-73.8237305
324,16:11,40.7008098,-73.9544559
325,15:48,40.8426863,-73.8993743
326,10:20,40.6379863,-73.7411558
327,3:30,40.8050123,-73.9389017
328,13:15,40.7328492,-73.7985548
329,14:24,40.7105764,-73.8706225
330,0:00,40.7529608,-73.9854966
331,21:00,40.581811,-73.9537959
332,19:50,40.621459,-74.0717449
333,12:25,40.6962625,-73.9095502
334,18:10,40.6706236,-73.8955515
335,17:30,51.5032437,-0.1275898
336,13:45,40.6841079,-73.9774627
337,7:55,40.8114514,-73.890571
338,17:25,40.8254644,-73.9131792
339,16:12,40.6661396,-73.8057774
340,17:55,40.6792734,-73.9290697
341,16:39,40.8653977,-73.8704003
342,15:50,40.7480325,-73.8802083
343,19:49,40.7410338,-73.9941718
344,14:54,40.7579854,-73.8829541
345,22:15,40.752536,-73.9649056
346,21:30,40.8027431,-73.9492612
347,11:48,40.7383533,-73.8959002
348,20:00,40.6736331,-73.7334973
349,17:00,40.583627,-73.9425916
350,23:35,40.5847159,-73.9437615
351,17:45,40.6790038,-73.8125831
352,20:55,40.6716076,-73.880183
353,11:42,40.6104487,-73.9346259
354,15:15,40.828296,-73.861717
355,4:15,40.6663943,-73.7553807
356,0:00,40.6175945,-73.9638712
357,11:09,40.6215561,-74.1684875
358,17:00,40.7490073,-73.9397077
359,18:40,40.8274229,-73.8683171
360,7:10,40.8044148,-73.9117911
361,15:30,40.6652499,-73.73956
362,0:00,40.7005229,-73.811052
363,5:00,40.7576671,-73.9948632
364,12:15,49.1117607,-122.8065726
365,11:00,40.8377728,-73.9420692
366,11:20,25.8955185,-80.2112272
367,11:38,40.8734199,-73.8758833
368,12:50,40.7153562,-73.9977324
369,20:00,40.7323986,-73.8845198
370,10:20,40.6194922,-73.9182743
371,17:20,40.8216791,-73.9151908
372,22:40,40.7420607,-73.9003538
373,22:14,40.6790727,-73.7586998
374,2:15,40.7007375,-73.9419512
375,19:34,40.8581329,-73.8957368
376,23:38,40.7259812,-73.8982902
377,14:30,40.7620069,-73.9109907
378,8:00,40.6082702,-73.9205877
379,17:25,40.6541584,-73.9178409
380,3:05,41.2913984,-95.9855219
381,22:22,40.6579899,-73.8961789
382,21:30,40.6030485,-74.1404715
383,21:25,40.7452545,-73.9557404
384,3:00,40.6557659,-73.9240209
385,16:48,40.8057388,-73.9406512
386,2:18,40.6238069,-73.9235048
387,20:00,40.6710667,-73.851097
388,18:30,40.6868299,-73.9388039
389,19:37,40.6654958,-73.7557381
390,21:25,40.7578469,-73.9736211
391,18:20,40.5741099,-74.0040726
392,2:30,40.6329926,-73.8827194
393,0:52,40.8180589,-73.9251687
394,7:50,40.8759641,-73.8358189
395,23:05,40.7589752,-73.8298382
396,8:45,40.6249235,-73.9344999
397,8:45,40.8256424,-73.8594188
398,15:42,40.6671729,-73.9101081
399,12:33,40.6760275,-73.8434022
400,2:29,40.7269606,-73.84653
401,23:28,40.7151685,-73.7735996
402,12:35,40.8173545,-73.9227828
403,16:20,40.8566322,-73.8676378
404,10:00,40.7646292,-73.9955502
405,16:22,40.7887673,-73.7055947
406,22:15,40.699665,-73.9592276
407,17:50,40.8230724,-73.8672726
408,21:20,40.6859944,-73.8399158
409,20:15,40.690155,-73.7772094
410,18:40,40.7354625,-73.8585828
411,10:00,40.8005138,-73.9381432
412,9:00,40.7462231,-73.8972153
413,0:48,40.6324014,-73.8882271
414,23:50,40.7596826,-73.8002985
415,21:37,40.8126785,-73.90635
416,21:20,40.7264333,-73.8528167
417,12:25,40.7496442,-73.9990832
418,23:00,40.6940092,-73.8279825
419,0:22,40.8337766,-73.8617305
420,8:00,40.6074254,-73.9262507
421,15:40,40.697292,-73.9237814
422,13:40,40.575635,-73.9639265
423,9:00,40.8283247,-73.9431317
424,0:37,40.8581126,-73.8566395
425,22:07,40.7595933,-73.9680344
426,6:00,40.7271062,-73.8051518
427,12:10,40.9476645,-73.8345485
428,17:50,40.7999961,-73.9448528
429,11:00,40.6336299,-74.13898
430,15:40,40.8603559,-73.8889199
431,2:48,40.8027602,-73.9335801
432,17:35,40.687699,-73.91094
433,10:00,40.6191982,-73.9230118
434,23:25,40.8209983,-73.8949074
435,18:00,40.6351948,-73.9286246
436,0:00,40.7171116,-73.9985879
437,11:38,40.6572372,-73.9602426
438,11:15,40.5759324,-74.0101754
439,17:00,40.8494398,-73.9184149
440,20:00,40.581628,-74.0934406
441,14:47,40.7259685,-73.7755631
442,10:29,40.68079,-73.991728
443,21:06,40.6704979,-73.944872
444,18:40,40.6616739,-73.9236202
445,19:00,40.721744,-73.8451376
446,10:10,40.7676415,-73.9229799
447,11:40,40.6963726,-73.7452314
448,4:28,40.7605451,-73.9583678
449,5:09,40.8747118,-73.8451063
450,22:21,40.6229985,-73.9590505
451,17:29,40.6568114,-73.9279992
452,20:55,40.5894292,-74.0945482
453,14:11,40.8240216,-73.9447158
454,5:13,40.7030315,-73.959878
455,20:30,40.6854451,-73.7551409
456,22:09,40.7545231,-74.001067
457,18:00,40.7561491,-73.9676105
458,14:00,40.6274126,-74.1665431
459,18:59,40.8806337,-73.8404607
460,14:10,49.1554912,-122.7565726
461,8:23,40.7020269,-73.9926396
462,19:00,40.6287311,-74.0830426
463,7:57,40.7421276,-73.9274501
464,1:05,40.8109751,-73.95309
465,21:45,40.69955,-73.764357
466,16:40,40.5709204,-74.1699534
467,16:00,40.6295672,-73.9434144
468,20:13,40.8496923,-73.7874171
469,17:57,40.6525615,-73.746546
470,9:28,40.8256424,-73.8594188
471,22:20,40.6633418,-73.9597418
472,0:25,40.677391,-73.739794
473,6:50,40.7546525,-73.8766645
474,0:19,40.7079512,-73.8371455
475,14:45,40.8088855,-73.884061
476,15:22,40.6655582,-73.7297867
477,1:50,40.7716232,-73.9904523
478,10:57,40.8331465,-73.8870979
479,14:38,40.7682403,-73.9070829
480,16:30,40.562835,-74.1026084
481,15:27,40.7037911,-73.9311495
482,10:40,40.6351948,-73.9286246
483,11:57,40.7271838,-73.8932632
484,14:00,40.6482447,-73.9290018
485,20:54,40.6098252,-73.9223129
486,17:40,40.6214953,-73.9174754
487,12:00,40.6784417,-73.8518728
488,15:20,40.6671078,-73.8124888
489,1:00,40.7567316,-73.9542239
490,20:50,40.7816518,-73.8257422
491,4:03,40.665994,-73.885795
492,16:11,40.7620183,-74.0010207
493,0:43,40.8277392,-73.8437619
494,0:30,40.6065957,-73.7557401
495,9:50,40.6280041,-74.1517747
496,5:20,40.8535813,-73.9322425
497,0:16,40.8027602,-73.9335801
498,0:00,40.6755248,-73.8987483
499,1:30,40.8588274,-73.8859937
500,21:09,40.7489123,-73.8140729
501,18:30,40.849311,-73.9300228
502,23:00,40.692785,-73.911805
503,6:30,40.6784252,-73.8828107
504,5:08,40.6946849,-73.9552099
505,19:50,40.8778199,-73.8680964
506,14:45,40.8635927,-73.9107281
507,4:25,40.6529258,-73.8668155
508,22:06,40.8220769,-73.8582247
509,16:17,40.8070324,-73.9377684
510,18:50,40.6749623,-73.875288
511,19:30,40.8200672,-73.9549658
512,19:05,40.6757349,-73.8978715
513,20:27,40.7073254,-73.7511682
514,21:34,40.6911526,-73.9977973
515,1:30,40.8201983,-73.9214873
516,9:15,40.750629,-73.8759431
517,15:52,40.8650589,-73.921855
518,0:05,40.7006918,-73.7668107
519,21:00,40.6775365,-73.9727063
520,1:12,40.8542987,-73.9002458
521,14:00,40.6329926,-73.8827194
522,1:07,40.6393258,-74.0235209
523,15:55,40.8679285,-73.869247
524,20:40,40.783286,-73.9447038
525,16:32,40.6698311,-73.7888237
526,6:16,40.6714894,-73.8986703
527,22:00,49.1753337,-122.8764283
528,0:40,40.7064947,-73.8969421
529,7:00,40.7515826,-73.7456813
530,15:25,40.665631,-73.7356783
531,13:47,40.6639487,-73.9399253
532,2:40,40.6430071,-73.9526234
533,23:30,40.674124,-73.8983979
534,20:00,40.8392676,-73.9037964
535,12:45,40.7584372,-73.7562476
536,4:55,40.7496629,-73.966833
537,20:43,40.6750951,-73.9750245
538,11:40,40.653354,-73.7464548
539,12:10,40.74479,-73.9758798
540,9:00,40.7134946,-73.9986369
541,4:20,40.8557859,-73.9055829
542,21:55,40.6476314,-73.9711536
543,12:53,40.8804931,-73.8859707
544,12:40,40.8267664,-73.8561514
545,11:45,40.8199534,-73.8904534
546,20:52,40.6961357,-73.7461349
547,17:38,40.6741005,-73.7275507
548,14:00,40.8702278,-73.9006158
549,18:03,40.7215263,-73.8664875
550,13:30,40.6439933,-73.8870738
551,1:15,40.8481001,-73.9309153
552,12:10,40.8870032,-73.9014848
553,19:38,40.6934168,-73.7560171
554,20:15,40.7466825,-73.900705
555,8:59,40.7911046,-73.9534369
556,14:55,40.5948831,-73.9504958
557,5:00,40.8587983,-73.8939353
558,11:12,40.7559202,-73.9944775
559,21:15,40.7518484,-73.9480641
560,16:17,40.791479,-73.7809275
561,8:35,40.6004255,-73.9849544
562,18:40,40.6961854,-73.7519735
563,20:45,40.6685172,-73.8682597
564,13:15,40.7700626,-73.9181013
565,6:05,40.8432851,-73.9119743
566,20:40,40.6600793,-73.9397414
567,9:30,40.7201936,-73.8753413
568,21:35,40.83134,-73.921663
569,0:08,40.8262795,-73.843423
570,0:00,40.6027499,-73.9639138
571,15:00,40.7573003,-73.9781055
572,13:50,40.7003368,-73.7889339
573,14:04,40.8252252,-73.8676343
574,19:30,40.6800733,-73.9713972
575,0:48,40.6449001,-73.9111542
576,22:20,40.6443243,-73.9199103
577,17:19,40.584506,-73.8129893
578,16:26,40.6576951,-73.9254144
579,12:20,40.6638608,-73.8859329
580,10:50,40.5918841,-73.991108
581,14:52,40.689791,-73.906544
582,22:27,40.6670967,-73.7867531
583,20:58,40.8209947,-73.8958907
584,7:40,40.7786042,-73.8461167
585,18:06,40.5779583,-73.9435513
586,16:16,40.6709822,-73.8843888
587,0:57,40.626584,-74.000895
588,0:35,40.8573658,-73.8818926
589,21:30,40.7002211,-73.9598729
590,22:05,40.8335039,-73.9415749
591,15:50,40.7435581,-73.9923115
592,8:00,40.7128686,-73.94013
593,23:00,40.6805257,-73.7747327
594,20:20,40.7628226,-73.8332706
595,7:00,40.6027054,-74.1841401
596,16:30,40.5786234,-73.9666721
597,19:30,40.8280968,-73.9338342
598,7:10,40.8448965,-73.9102866
599,16:38,40.7619788,-73.9253933
600,21:55,40.757749,-73.8618954
601,0:53,40.7007375,-73.9419512
602,15:08,40.6743545,-73.800684
603,13:00,40.656361,-73.9738158
604,16:24,40.6652499,-73.73956
605,0:15,40.6587332,-73.890702
606,0:00,40.7087084,-73.7476627
607,3:40,40.7738778,-73.907501
608,4:15,40.6599257,-73.8916423
609,16:30,40.6923602,-73.7624884
610,0:30,40.8789858,-73.8616449
611,14:00,40.8426863,-73.8993743
612,18:59,40.6267773,-74.0149873
613,0:00,40.685181,-73.873655
614,22:44,40.6841079,-73.9774627
615,0:33,40.6959467,-73.9845715
616,14:30,40.643152,-73.975467
617,16:05,40.7472675,-73.9896202
618,19:08,40.6869661,-73.7517576
619,16:50,40.8137003,-73.9313994
620,19:50,40.7605451,-73.9583678
621,19:00,40.846033,-73.917152
622,0:20,40.5993178,-73.9729266
623,10:34,40.677318,-73.9303309
624,17:46,40.6728951,-73.9066822
625,15:30,40.8223113,-73.9148502
626,21:59,40.7296025,-73.8248796
627,16:30,40.7037693,-73.9426162
628,3:25,40.7682403,-73.9070829
629,8:45,40.6444155,-73.9640973
630,22:40,40.8212477,-73.9099136
631,16:22,40.7242289,-73.9977901
632,15:39,40.6433233,-73.9597741
633,19:08,40.7771635,-73.9208539
634,9:00,40.8531869,-73.8896323
635,6:40,40.7586385,-73.9658285
636,17:48,40.8237169,-73.9122283
637,11:10,40.7407651,-73.9077898
638,10:18,40.7631076,-73.9625135
639,19:20,40.6938544,-73.8969071
640,20:30,40.6428537,-74.0837198
641,1:55,40.8584498,-73.8985156
642,10:22,40.8557226,-73.9104191
643,10:00,40.779798,-73.9443863
644,16:10,40.7445967,-73.8846542
645,1:30,40.6723347,-73.9017542
646,15:14,40.6744852,-73.9058136
647,19:38,40.6774742,-73.9330921
648,9:40,40.6428905,-73.9545263
649,17:10,40.7530048,-73.8326639
650,0:00,40.674602,-73.981775
651,13:30,40.6775626,-73.8036509
652,21:56,40.681842,-73.783577
653,22:30,40.804695,-73.9223967
654,7:30,40.765419,-73.9838267
655,15:20,40.6474383,-73.9791158
656,12:17,40.6788796,-73.9217456
657,18:00,40.7517748,-73.9900696
658,20:00,40.8917493,-73.8489525
659,19:10,40.8438409,-73.9165573
660,22:54,40.7138208,-73.933193
661,6:40,40.7305759,-73.891453
662,15:54,40.6923953,-73.7314507
663,0:53,40.7999961,-73.9448528
664,22:40,40.6758042,-73.8968742
665,12:30,40.6681339,-73.9226726
666,18:57,40.7585281,-73.8296148
667,10:42,40.5928521,-73.796214
668,17:30,40.6558645,-73.9101276
669,16:20,40.722974,-73.839324
670,8:12,40.7570613,-74.0010527
671,8:33,40.6665995,-73.9032007
672,22:15,40.5764846,-74.1036145
673,17:27,40.824815,-73.9135252
674,16:30,40.7779863,-73.9084759
675,20:25,40.8347179,-73.9445376
676,17:55,40.7423079,-73.912988
677,23:17,40.8431681,-73.8281094
678,8:06,40.8283164,-73.8829727
679,16:06,40.8053692,-73.9219057
680,13:50,40.7429973,-73.8661047
681,20:20,40.876167,-73.8815046
682,16:00,40.7822906,-73.9146006
683,1:15,40.7961037,-73.9670635
684,19:45,40.7910489,-73.9513629
685,23:40,40.6758042,-73.8968742
686,21:15,40.6633631,-73.8791188
687,14:40,40.8459586,-73.8845066
688,15:30,40.6920869,-73.9826185
689,14:29,40.8753166,-73.868133
690,16:00,40.6944899,-73.7814009
691,14:30,40.8502022,-73.9357339
692,8:44,40.6898206,-73.9779553
693,2:00,40.8446322,-73.8816341
694,18:00,40.5999131,-73.9466359
695,21:28,40.5144751,-74.2062669
696,11:10,40.8196731,-73.8095986
697,18:08,40.750254,-73.9420897
698,7:17,40.702783,-73.8321373
699,17:11,40.7563269,-73.7227726
700,10:40,40.6602085,-73.8967323
701,15:40,40.6719147,-73.9223192
702,0:00,40.7120834,-74.0101025
703,15:55,40.8361293,-73.9223604
704,7:30,40.8936698,-73.8606144
705,19:25,40.6970006,-73.935293
706,19:56,40.6688668,-73.9283312
707,20:30,40.7563316,-73.8607272
708,2:30,40.6754807,-73.73386
709,18:14,40.7668297,-73.9386347
710,15:15,29.3926312,-98.4483395
711,17:49,40.702788,-73.85704
712,19:24,40.632261,-73.900874
713,18:20,40.614669,-74.013289
714,9:44,40.709051,-73.9671085
715,22:40,40.6760971,-73.9043603
716,18:14,40.7371767,-73.9886409
717,15:20,40.8044148,-73.9117911
718,11:06,40.6742725,-73.7998372
719,20:50,40.686513,-73.9878631
720,15:46,40.6249421,-73.9771167
721,17:25,40.846033,-73.917152
722,10:53,40.7238403,-73.9063411
723,16:48,40.6689876,-73.804785
724,1:35,40.7452343,-74.0059515
725,18:15,40.7728628,-73.9895329
726,17:34,40.6761736,-73.7404519
727,2:16,40.7107816,-73.865017
728,16:51,40.8732825,-73.8535799
729,8:40,40.8282064,-73.8860406
730,18:50,40.6379863,-73.7411558
731,19:30,40.865449,-73.866342
732,7:45,40.8068406,-73.9275021
733,13:30,40.7366022,-73.9276371
734,21:05,40.6971618,-73.7275294
735,16:36,40.7566816,-73.7392519
736,10:20,40.6754452,-73.9779621
737,20:12,40.652951,-73.847022
738,6:52,40.7409283,-73.9333799
739,0:00,40.7048506,-73.892134
740,10:00,38.5394633,-121.4607528
741,17:19,40.6370623,-73.986419
742,18:56,40.6556908,-73.911079
743,18:30,40.7276809,-74.0031651
744,7:30,40.7067454,-74.0067871
745,0:00,40.7130696,-73.753657
746,14:40,40.6306042,-73.9703013
747,15:10,40.7416953,-73.8957493
748,13:25,33.761356,-84.372027
749,18:30,40.7805797,-73.8142944
750,15:16,40.791669,-73.9646907
751,18:35,40.688962,-73.9810851
752,12:00,25.9026357,-80.2114259
753,14:47,40.6622842,-73.9107867
754,23:30,40.7614581,-73.8605513
755,15:29,40.6766101,-73.7959419
756,20:48,40.8339606,-73.9087319
757,20:30,40.7522311,-74.0008975
758,0:00,40.6945586,-73.9065564
759,17:03,40.8075687,-73.9192316
760,3:35,40.6449584,-73.9518657
761,17:30,40.6523261,-73.9275238
762,22:15,40.9317412,-73.7619673
763,16:00,41.124819,-73.3666706
764,6:00,40.7720248,-73.9333348
765,21:17,40.6419798,-74.0757164
766,1:35,40.7130696,-73.753657
767,21:10,40.7309545,-73.8485837
768,13:23,40.8547722,-73.9076606
769,17:48,40.6739637,-73.8638048
770,11:30,40.683096,-73.805192
771,17:05,40.7452343,-74.0059515
772,20:27,40.8209742,-73.8928325
773,17:00,40.3777924,-104.7561559
774,19:45,40.683099,-73.784312
775,10:30,40.8233778,-73.9183384
776,23:25,40.7602222,-73.8349814
777,9:00,40.5830231,-73.9746308
778,18:25,40.7484616,-73.9845699
779,18:25,40.8032577,-73.9188692
780,7:15,40.5954485,-73.779051
781,22:20,40.764077,-73.8670503
782,13:15,40.7832188,-73.8458535
783,21:57,40.7208542,-73.8103635
784,16:24,40.8950727,-73.8544323
785,12:30,40.5860684,-73.9313163
786,8:29,40.5926792,-74.0759764
787,18:46,40.7539328,-73.8604813
788,7:20,40.7252049,-73.8695932
789,15:30,40.6547918,-73.9069317
790,13:20,40.6642464,-73.9190994
791,9:15,40.6780345,-73.8230093
792,10:26,40.779938,-73.9806836
793,13:38,40.8343253,-73.9199048
794,13:41,40.7891919,-73.8381767
795,21:50,40.6148393,-73.9983743
796,10:20,40.8442465,-73.9337161
797,10:28,40.7164859,-73.9883642
798,19:00,40.6101152,-74.116618
799,14:50,40.7786086,-73.9816391
800,11:36,40.625214,-73.9803947
801,14:30,40.6033982,-73.745803
802,16:45,40.6899524,-73.981394
803,11:21,40.7527171,-73.9671777
804,17:20,40.6719881,-73.8863988
805,7:20,40.6848229,-73.9917674
806,3:45,40.8280968,-73.9338342
807,22:00,40.6414135,-73.9123006
808,15:33,40.691584,-73.793181
809,1:50,40.6811708,-73.8736131
810,0:23,40.7694995,-73.9148774
811,8:42,40.7001095,-73.9061928
812,1:30,40.7748125,-73.984397
813,19:35,40.6775239,-74.0063441
814,10:00,40.8049057,-73.9188279
815,10:30,40.6142382,-73.9989983
816,14:10,40.7033226,-73.8001883
817,0:00,40.8692471,-73.8960622
818,23:48,40.8095244,-73.9378787
819,11:15,40.7592786,-73.9808784
820,8:40,40.8339303,-73.9270096
821,17:36,40.660375,-73.831517
822,10:20,40.6802418,-73.7508364
823,16:19,40.6408302,-73.9652999
824,8:30,40.5631711,-74.1151151
825,11:58,40.7066834,-73.9544325
826,13:52,40.7759407,-73.9531829
827,19:17,40.8929772,-73.8523467
828,12:40,40.7444588,-73.973034
829,20:20,40.8351806,-73.9456147
830,16:50,40.7853204,-73.8056646
831,13:00,40.635937,-74.0759033
832,15:15,40.6910272,-73.989412
833,14:20,40.5771838,-74.1180382
834,9:22,40.7684853,-73.9636088
835,19:25,40.6033982,-73.745803
836,8:30,40.7579052,-73.7681088
837,21:29,40.8406772,-73.9190032
838,19:51,40.6386763,-73.9718073
839,10:13,40.8284364,-73.8810511
840,11:40,40.6743272,-73.9706674
841,13:50,40.6349533,-73.9189152
842,8:38,40.6295735,-73.9906256
843,23:10,40.6757349,-73.8978715
844,13:00,40.8715681,-73.8424189
845,14:25,43.0606674,-87.9976739
846,16:22,40.6740977,-73.7989397
847,14:32,40.6635476,-73.8695296
848,13:01,40.7824668,-73.9788263
849,21:45,53.4530386,-2.9748945
850,18:35,40.6054925,-73.9997215
851,0:00,40.8429975,-73.9035236
852,17:50,40.7461439,-73.8271737
853,9:00,40.6203371,-73.8975525
854,8:15,40.8603415,-73.8983481
855,18:20,40.6949213,-73.8322031
856,19:00,40.8406772,-73.9190032
857,9:20,40.5862446,-73.8132119
858,16:45,40.7653185,-73.9913352
859,9:00,40.7398406,-73.8671273
860,16:23,40.8142733,-73.9129694
861,6:30,40.623377,-73.9894972
862,17:02,40.6352355,-73.967691
863,16:00,40.7832419,-73.8395105
864,7:02,40.830898,-73.8697898
865,16:08,40.546531,-74.180429
866,21:25,40.6654714,-73.8675196
867,16:55,40.8191763,-73.9259827
868,12:56,40.8088725,-73.9521231
869,0:02,40.7597346,-73.9916968
870,13:55,40.8145912,-73.9479559
871,7:24,40.6946906,-73.9274993
872,17:43,40.685611,-73.9232641
873,9:51,40.8188985,-73.8922862
874,17:19,40.8323067,-73.9096756
875,13:58,40.8024451,-73.938844
876,15:30,40.7359491,-73.9894041
877,17:16,40.618246,-73.9840758
878,18:03,40.690451,-73.9117497
879,16:20,40.6595077,-73.7736867
880,13:55,40.8523433,-73.8980921
881,9:58,40.7979395,-73.9339887
882,17:47,40.6053416,-73.755289
883,16:30,40.7375269,-73.9527632
884,9:00,40.6862086,-73.9507394
885,0:00,40.604437,-73.994847
886,17:00,40.8942239,-73.8489319
887,17:04,40.8029145,-73.9202829
888,19:07,40.774477,-73.9914095
889,15:50,40.8044148,-73.9117911
890,15:00,40.570829,-74.0903459
891,9:40,40.6927362,-73.8106589
892,13:27,40.6904832,-73.9878747
893,13:40,40.6179193,-74.1556999
894,0:32,40.6300377,-73.9959166
895,1:30,40.6726239,-73.8912286
896,9:15,25.8801156,-80.210497
897,20:08,40.6378806,-73.9983408
898,21:00,40.7096412,-73.9022241
899,14:30,40.712425,-73.923859
900,17:28,40.8345521,-73.8658533
901,12:25,40.8283164,-73.8829727
902,12:29,40.7354436,-73.975114
903,8:55,40.6745222,-73.8026994
904,15:32,40.6354755,-73.9132678
905,13:13,40.757834,-73.8490064
906,17:20,40.8286684,-73.8782345
907,8:10,40.6710667,-73.851097
908,16:10,40.7555136,-73.7926329
909,20:27,40.5616444,-74.1782785
910,10:50,40.7638942,-73.9149929
911,14:20,40.8242176,-73.875294
912,18:05,40.7969908,-73.9317587
913,18:30,40.693301,-73.995925
914,17:46,40.680969,-73.7735707
915,0:00,40.6383387,-74.01736
916,23:31,40.8210069,-73.8915922
917,16:20,40.623377,-73.9894972
918,17:28,40.8423341,-73.9161926
919,18:15,40.7387997,-73.8084613
920,11:00,40.8487267,-73.9391819
921,21:00,40.8234967,-73.9245236
922,17:06,40.8029145,-73.9202829
923,18:30,40.791479,-73.7809275
924,20:05,40.702449,-73.900986
925,14:25,40.6504806,-73.9244321
926,18:21,40.8291242,-73.9113404
927,0:35,40.7476555,-73.8789025
928,20:00,40.7781416,-73.9544916
929,22:10,40.6629759,-73.9061508
930,17:00,40.6195567,-73.9172688
931,4:00,40.6911415,-73.8218391
932,18:14,40.703858,-73.918504
933,0:05,40.6836947,-73.8642953
934,2:58,40.7518846,-73.8837432
935,18:10,40.5845708,-73.9667224
936,12:43,40.6397091,-74.139107
937,20:59,40.6361314,-73.9728149
938,7:45,40.6415856,-73.9253335
939,17:15,40.6834141,-73.9820027
940,13:00,40.712965,-73.927605
941,14:31,40.5830231,-73.9746308
942,17:47,40.5860684,-73.9313163
943,14:50,40.705421,-73.8606968
944,17:20,40.8654645,-73.865418
945,13:30,40.697633,-73.9851841
946,22:30,40.7033686,-73.8635049
947,14:40,40.6511866,-73.8900487
948,2:06,40.7488833,-73.93755
949,17:35,40.8280968,-73.9338342
950,13:50,40.705459,-73.9502146
951,8:01,40.8037062,-73.9379199
952,0:26,40.7615633,-73.9666081
953,15:06,40.6978894,-73.7429594
954,16:47,40.6149297,-73.9466086
955,20:07,40.679636,-73.949585
956,11:45,40.6770571,-73.9386844
957,21:10,40.8237086,-73.8789911
958,12:37,40.7253882,-73.9088342
959,19:15,40.6165344,-74.0266923
960,18:10,40.7540053,-73.9424269
961,18:38,40.8822117,-73.8465842
962,13:16,40.8350193,-73.9035554
963,9:07,40.7527171,-73.9671777
964,0:45,40.7168828,-74.0040244
965,0:15,40.868285,-73.8331451
966,10:00,40.684985,-73.790608
967,5:50,40.682515,-73.756647
968,18:00,40.7000403,-73.8127756
969,0:55,40.692059,-73.8348064
970,19:01,40.767812,-73.962014
971,17:27,40.695026,-73.756422
972,18:00,40.747893,-73.9891689
973,17:40,40.6519382,-73.9294022
974,9:30,40.6864282,-73.7511195
975,18:00,40.7563269,-73.7227726
976,18:48,40.7262401,-73.9379477
977,23:55,40.655012,-73.729651
978,1:10,40.8054512,-73.910206
979,17:53,40.6822845,-73.80803
980,12:10,40.6894531,-73.9551104
981,14:00,40.816049,-73.917693
982,16:50,40.8490743,-73.8828912
983,7:30,40.8223256,-73.9107124
984,9:46,40.8484282,-73.9376987
985,8:00,40.70296,-73.743307
986,5:50,40.7708101,-73.9172138
987,13:08,40.5963938,-73.7441187
988,17:46,40.6175582,-74.0216495
989,1:10,40.683096,-73.805192
990,17:14,40.6501159,-73.9302661
991,18:55,40.8443466,-73.9147479
992,12:00,40.7150995,-73.753833
993,14:50,40.6348042,-74.0323432
994,17:20,40.7126457,-73.8993496
995,11:50,40.8427079,-73.8251939
996,11:22,40.6542422,-73.9229255
997,14:40,40.8593357,-73.9044935
998,8:40,40.8356636,-73.8400246
999,20:45,40.6315589,-73.9063169
1000,7:20,40.6890329,-73.7858161
1001,6:30,40.8555559,-73.8875633
1002,8:20,40.7758331,-73.8923453
1003,19:50,40.8374083,-73.8877819
1004,13:15,40.7159912,-73.9867007
1005,20:50,40.702124,-73.909585
1006,20:25,40.810881,-73.9308423
1007,13:25,40.7143996,-73.8979805
1008,8:45,40.736031,-73.7560759
1009,21:35,40.6761221,-73.9219179
1010,17:37,40.8465868,-73.913158
1011,11:18,40.9030742,-73.9101665
1012,17:29,40.8672291,-73.8836006
1013,11:57,40.7603917,-73.0995052
1014,15:40,40.7342702,-73.8625892
1015,13:55,40.7402719,-73.8706018
1016,17:35,40.6793936,-73.7503243
1017,15:50,40.697246,-73.78964
1018,0:31,40.8384581,-73.9017474
1019,0:00,40.7129567,-73.7344283
1020,10:15,40.8114514,-73.890571
1021,19:15,40.6678627,-73.7665653
1022,10:30,40.734291,-73.8646097
1023,19:30,40.7256559,-73.724753
1024,3:20,40.7983924,-73.9528092
1025,7:37,40.6801691,-73.7331444
1026,10:25,40.7038309,-73.7785026
1027,18:00,40.6652499,-73.73956
1028,9:00,40.7289815,-73.950714
1029,18:35,40.5779616,-74.102303
1030,15:25,40.8172297,-73.9522841
1031,12:00,40.7160845,-73.8030267
1032,16:25,40.8586661,-73.8676864
1033,16:25,40.769172,-73.9129169
1034,16:50,40.6563296,-73.9347953
1035,15:35,40.8611563,-73.857575
1036,18:30,40.8434854,-73.9246635
1037,19:16,40.7675461,-73.9532658
1038,18:30,40.8175129,-73.9171274
1039,9:56,40.6437906,-73.9021725
1040,16:30,40.685645,-73.91529
1041,7:40,40.732512,-73.857049
1042,15:22,40.5827677,-74.1303976
1043,16:45,40.7917293,-73.9529884
1044,9:45,40.649289,-73.9436161
1045,16:20,40.8812752,-73.8387483
1046,19:00,40.6710667,-73.851097
1047,22:55,40.6469251,-73.9481875
1048,18:35,40.7258379,-73.7918368
1049,9:50,40.6682787,-73.8460508
1050,16:20,40.6271754,-73.9821343
1051,9:30,40.7509146,-73.9981561
1052,15:10,40.7331743,-73.9368349
1053,16:00,40.708674,-73.956305
1054,19:20,40.6667581,-73.7798324
1055,23:35,40.7532817,-73.9666691
1056,18:40,40.7006865,-73.9877477
1057,16:08,40.8441805,-73.8974425
1058,10:24,40.7529921,-73.9698797
1059,15:25,40.884981,-73.8620344
1060,16:10,40.8220715,-73.9499252
1061,13:30,40.8481001,-73.9309153
1062,23:15,40.6764215,-73.9136994
1063,14:25,40.665798,-73.9193424
1064,12:30,40.6216185,-74.0402011
1065,13:15,40.8574359,-73.900006
1066,17:41,40.7109065,-74.0090679
1067,21:40,40.8461712,-73.9323279
1068,16:20,40.7432577,-73.8204256
1069,15:28,40.6878971,-73.936027
1070,16:45,40.713931,-73.9671353
1071,19:05,40.601794,-73.9725565
1072,22:51,40.8276265,-73.8861327
1073,17:00,40.6344029,-73.8932455
1074,20:40,40.6664406,-73.7576105
1075,13:40,40.5769913,-74.1698557
1076,14:35,40.600958,-73.986059
1077,8:42,40.7176848,-74.0057671
1078,7:30,40.677681,-73.9795997
1079,16:30,40.6265758,-73.9708592
1080,2:18,25.853299,-80.2215559
1081,8:00,40.8225695,-73.9098013
1082,14:45,40.671556,-73.72814
1083,22:17,40.8319525,-73.8990241
1084,19:18,40.6743272,-73.9706674
1085,22:55,40.8755913,-73.8940842
1086,14:00,40.7514479,-73.9739561
1087,3:00,40.8773469,-73.8852919
1088,8:20,40.5790005,-73.9841474
1089,13:15,40.7569736,-74.0048004
1090,21:45,43.0445453,-87.9478223
1091,17:30,40.8199534,-73.8904534
1092,17:20,40.6052148,-73.9858588
1093,10:10,40.6096712,-73.9114533
1094,1:25,40.7258892,-73.9416945
1095,19:58,40.6130662,-73.9263686
1096,11:40,40.6762258,-74.0009694
1097,18:05,40.7471478,-73.8886707
1098,13:00,40.5653606,-74.1187537
1099,12:45,40.7220489,-73.9854982
1100,15:30,40.6902458,-73.9481892
1101,6:30,40.6542422,-73.9229255
1102,12:45,40.6063642,-74.1209074
1103,15:15,40.8379508,-73.9113505
1104,16:47,40.859633,-73.9053475
1105,18:11,40.7507757,-73.9744533
1106,7:00,40.6884778,-73.8479737
1107,17:00,40.6336591,-73.8987341
1108,19:27,38.8577287,-77.0632976
1109,12:30,40.627089,-73.944021
1110,19:05,40.5591396,-74.169483
1111,8:40,40.6503743,-73.9587659
1112,12:50,40.7176161,-74.0002787
1113,15:38,40.8443466,-73.9147479
1114,16:20,40.7843515,-73.9811718
1115,23:23,40.8618347,-73.912463
1116,14:20,40.6590975,-73.8992385
1117,8:10,40.6982124,-73.9619584
1118,10:15,40.7209791,-73.9938526
1119,9:57,40.6530101,-73.9440097
1120,13:00,40.7709979,-73.833235
1121,14:00,40.6562978,-73.7673807
1122,12:45,40.6917051,-73.7791598
1123,17:30,40.7558066,-73.9864211
1124,14:30,40.7772578,-73.8980067
1125,0:04,40.5933406,-73.9645407
1126,14:00,40.7776797,-73.9632319
1127,19:00,40.6884097,-73.986572
1128,14:40,40.8653977,-73.8704003
1129,16:00,40.6995458,-73.7423982
1130,9:44,40.6605577,-73.9870132
1131,0:50,40.6441968,-73.954665
1132,14:40,40.7336687,-73.9000619
1133,23:10,40.8542987,-73.9002458
1134,0:05,40.8593477,-73.9313297
1135,6:00,40.6109346,-73.9131022
1136,15:00,40.6728951,-73.9066822
1137,13:05,40.8884525,-73.8419834
1138,9:02,40.6917051,-73.7791598
1139,8:00,40.7715305,-73.9942053
1140,15:00,40.8398103,-73.846484
1141,13:30,40.7226291,-73.8677465
1142,12:32,40.7047109,-73.7968051
1143,7:53,40.5235447,-74.1872097
1144,17:53,40.7410159,-73.7257912
1145,13:05,40.6150916,-73.9643849
1146,0:00,40.6837256,-73.7697634
1147,16:30,40.7610944,-73.9832632
1148,22:00,40.5939797,-73.7702296
1149,11:43,40.8167485,-73.9007875
1150,11:28,40.6308387,-73.8862985
1151,18:45,40.5850218,-73.9677665
1152,17:50,40.721397,-73.956038
1153,14:30,40.6972552,-73.8139938
1154,12:05,13.0315798,80.2137837
1155,19:13,40.7139175,-73.856741
1156,11:40,40.7048375,-73.8011186
1157,17:30,40.7576475,-73.963415
1158,6:57,40.7483858,-73.8769093
1159,14:40,40.6717608,-73.8510041
1160,16:23,40.8248383,-73.9112614
1161,19:45,40.690062,-73.76017
1162,15:30,40.599503,-73.7540654
1163,4:30,40.7491353,-73.9882613
1164,15:50,40.6675876,-73.8256933
1165,8:10,40.6372874,-74.0221404
1166,11:15,40.6402311,-73.9058944
1167,15:17,40.8246374,-73.9105748
1168,13:15,40.6781164,-73.9217263
1169,20:15,40.8280984,-73.9347134
1170,16:48,40.8397207,-73.8711899
1171,11:09,40.6351948,-73.9286246
1172,22:00,40.6760454,-73.8161092
1173,12:23,40.8618347,-73.912463
1174,16:00,40.7202704,-73.7523362
1175,13:00,40.7667841,-73.8930961
1176,14:45,40.8661289,-73.8827283
1177,1:05,40.7701262,-73.9574063
1178,1:45,40.6654958,-73.7557381
1179,15:10,40.6563762,-73.9214058
1180,18:25,40.6329926,-73.8827194
1181,17:50,40.6127823,-73.9965973
1182,9:00,40.8429975,-73.9035236
1183,9:33,40.678082,-73.9826769
1184,14:55,40.8901351,-73.8198731
1185,18:47,40.712061,-73.947366
1186,14:30,40.7760243,-73.9872417
1187,20:45,40.7238094,-74.0060618
1188,4:43,40.868285,-73.8331451
1189,11:32,40.7375471,-73.9840845
1190,15:39,40.7604302,-73.8614616
1191,1:15,40.6385203,-73.9732522
1192,18:06,40.6404195,-73.9829173
1193,7:40,40.8133758,-73.9562662
1194,23:11,40.6504061,-73.894214
1195,16:40,40.7025069,-73.8149645
1196,13:20,40.8205031,-73.9306391
1197,14:14,40.8251489,-73.8672458
1198,19:35,40.70017,-73.9622043
1199,14:10,40.696418,-73.959769
1200,13:17,40.7092524,-73.8701584
1201,13:30,40.682912,-73.9848016
1202,18:30,40.680719,-73.946286
1203,10:54,40.7426051,-73.82982
1204,16:00,40.5558348,-74.1610413
1205,18:45,40.8770485,-73.8463725
1206,1:30,40.854471,-73.9012517
1207,2:00,40.8827289,-73.8812629
1208,18:45,40.6886769,-73.9808773
1209,11:47,40.652458,-73.9634282
1210,23:49,40.8635927,-73.9107281
1211,10:30,40.6379937,-74.021332
1212,17:30,40.8687028,-73.8847139
1213,23:29,40.8280968,-73.9338342
1214,18:15,40.6597314,-73.7737576
1215,19:18,25.8982705,-80.2112105
1216,15:30,40.8133758,-73.9562662
1217,15:00,40.7357298,-73.8932535
1218,13:00,40.6622613,-73.9000611
1219,21:00,40.7319238,-74.0037996
1220,11:20,36.2052267,-86.7502331
1221,6:30,40.7232501,-73.9125941
1222,14:30,40.6971618,-73.7275294
1223,15:30,40.6669464,-73.797104
1224,17:35,40.7402767,-73.8653156
1225,22:08,40.7148384,-73.7504332
1226,23:00,40.6317172,-73.9464951
1227,23:45,40.7008098,-73.9544559
1228,10:21,40.7209791,-73.9938526
1229,21:10,40.7665612,-73.9629317
1230,6:55,40.7046334,-73.8724494
1231,12:08,40.60195,-73.993811
1232,18:00,40.8422611,-73.9275989
1233,16:00,40.7576044,-73.9019025
1234,1:15,40.6744069,-73.8012348
1235,0:35,40.653666,-73.9335188
1236,16:55,40.6354755,-73.9132678
1237,13:00,40.8617455,-73.8913339
1238,16:34,40.5961869,-73.767043
1239,11:40,40.6861019,-73.9160846
1240,0:00,40.6769768,-73.8372756
1241,16:22,40.6784982,-74.0061614
1242,16:45,40.8294702,-73.9066398
1243,13:30,40.7618004,-73.9574557
1244,7:14,40.778612,-73.8388644
1245,9:40,40.7564787,-73.8770136
1246,11:00,40.7488786,-73.9758504
1247,8:52,40.694258,-73.9103583
1248,11:50,40.8126735,-73.8831276
1249,19:29,40.7177926,-73.7624809
1250,12:00,53.5514249,-113.5195013
1251,21:15,40.7140777,-73.9559832
1252,15:00,40.6814578,-73.9464405
1253,16:35,40.5943348,-74.0018211
1254,17:12,40.8346378,-73.9183049
1255,9:45,40.6869661,-73.7517576
1256,2:11,40.5885406,-74.1458293
1257,15:00,40.8345228,-73.8945237
1258,12:33,40.8361933,-73.9222638
1259,22:52,40.8479713,-73.9011007
1260,16:30,40.6886897,-73.7814867
1261,21:17,40.7285755,-73.9519758
1262,17:50,40.8340696,-73.9167264
1263,0:10,40.6872279,-73.8074654
1264,14:36,40.6449996,-73.9743506
1265,12:50,40.8338443,-73.9212392
1266,18:00,40.8214405,-73.8893008
1267,17:00,40.7354436,-73.975114
1268,12:00,40.7132689,-73.7358869
1269,22:10,40.6397968,-73.9290862
1270,18:51,40.819123,-73.8857777
1271,18:59,40.6302489,-73.9325183
1272,12:30,40.7808623,-73.9588047
1273,6:10,40.7559605,-73.8643066
1274,15:20,40.6933453,-73.8022637
1275,20:20,40.7381701,-73.9775888
1276,1:00,40.810148,-73.9082225
1277,13:50,40.5917902,-73.9589999
1278,13:35,40.7168212,-73.9977594
1279,19:00,40.657325,-73.9172636
1280,9:22,40.6022332,-73.7541611
1281,7:41,40.7636555,-73.7902293
1282,11:15,40.672858,-73.979917
1283,8:30,40.7320025,-73.8245564
1284,18:27,40.5982126,-73.7481697
1285,10:15,40.667976,-73.7981277
1286,13:23,40.755217,-73.9712403
1287,10:05,40.6838023,-73.8335179
1288,11:58,40.6976784,-73.9648723
1289,10:20,40.6096036,-74.1494975
1290,9:00,40.7476762,-73.8825701
1291,20:25,40.7185007,-73.8378082
1292,23:14,40.8149069,-73.9289341
1293,7:10,40.6184738,-74.0212123
1294,15:30,40.6105224,-73.9811799
1295,14:12,40.7710825,-73.9596523
1296,19:50,40.6633347,-73.9210461
1297,23:39,40.7153584,-73.9356948
1298,8:18,40.7388336,-73.9831565
1299,14:30,40.6782108,-73.7464757
1300,16:00,40.8680019,-73.8842216
1301,18:00,53.523513,-113.644221
1302,20:49,40.8279004,-73.8981916
1303,17:18,40.8579443,-73.8681945
1304,16:00,40.6523745,-73.9559929
1305,22:42,40.642942,-73.9773203
1306,17:10,40.6509043,-73.9717391
1307,19:54,40.6889109,-73.754444
1308,8:30,40.615073,-73.95238
1309,6:30,40.6690993,-73.9966969
1310,9:30,40.6927323,-73.8555421
1311,22:13,40.7797942,-73.7848595
1312,11:35,40.6801035,-73.7534442
1313,9:05,40.726485,-73.7982341
1314,20:00,52.2668508,-113.7665176
1315,14:00,40.7825746,-73.9452217
1316,17:15,40.7629297,-73.8752919
1317,1:45,40.7216453,-73.8095887
1318,11:32,40.7147433,-73.9420799
1319,19:10,40.7130654,-73.7822997
1320,14:15,40.678963,-74.0082999
1321,9:17,40.7169748,-73.9822729
1322,15:12,40.6541536,-73.9499329
1323,21:15,40.8820238,-73.8661982
1324,8:40,40.6671729,-73.9101081
1325,19:38,40.8782098,-73.8560826
1326,7:30,40.7021961,-73.9283511
1327,16:45,40.7140777,-73.9559832
1328,20:18,40.8252439,-73.947615
1329,20:25,40.7817096,-73.8238507
1330,4:54,40.6695294,-73.739227
1331,18:05,40.5830231,-73.9746308
1332,17:25,40.7345896,-73.9374139
1333,8:24,40.823347,-73.9057377
1334,9:10,40.7157954,-73.746549
1335,11:43,40.7231956,-73.9005648
1336,3:47,40.6304768,-74.1069232
1337,11:20,40.7268998,-73.8390839
1338,21:59,40.7428747,-73.97728
1339,20:00,40.7164911,-73.9497762
1340,11:10,40.7528119,-73.9792738
1341,20:40,40.7379023,-73.9809241
1342,10:06,40.673982,-73.899307
1343,11:09,40.8281528,-73.8952959
1344,20:17,40.631577,-73.9475534
1345,17:40,40.6627531,-73.9316267
1346,1:30,40.7548815,-73.962705
1347,6:30,40.57524,-74.1277044
1348,16:25,30.4702923,-91.1524791
1349,21:39,40.8577307,-73.8435544
1350,18:30,40.8154428,-73.9399722
1351,14:20,40.7407483,-73.8996591
1352,0:01,40.765421,-73.8900011
1353,10:30,40.7226007,-73.9371061
1354,12:03,40.8734199,-73.8758833
1355,17:00,56.2353605,-120.8314991
1356,19:33,40.7724456,-73.7999926
1357,12:36,40.7168212,-73.9977594
1358,8:00,25.8911728,-80.1864632
1359,22:00,40.7518484,-73.9480641
1360,6:46,40.6880222,-73.7568899
1361,13:31,40.832405,-73.870375
1362,16:30,40.7904206,-73.951817
1363,23:39,40.8059439,-73.9088998
1364,1:23,40.8240848,-73.8733958
1365,13:45,40.721929,-74.0053587
1366,14:15,21.3068334,-157.8606598
1367,9:10,40.8516092,-73.8265868
1368,20:55,40.6620107,-73.8868568
1369,6:45,40.7755607,-73.9503325
1370,3:30,40.670611,-73.8761165
1371,18:35,40.7979563,-73.9400123
1372,17:00,40.6668913,-73.9012741
1373,21:00,40.746211,-73.8989382
1374,4:45,40.897626,-73.85624
1375,18:20,40.7579835,-73.9855455
1376,0:30,40.6059334,-73.9793437
1377,9:06,40.6768827,-73.949845
1378,14:20,40.6834888,-73.9668992
1379,17:45,40.8430635,-73.9095456
1380,12:10,40.678713,-73.867004
1381,5:20,40.767117,-73.839149
1382,0:26,40.6447948,-74.0174335
1383,10:20,40.6598256,-73.8975875
1384,23:20,40.7947683,-73.9423486
1385,9:50,40.6764215,-73.9136994
1386,23:37,40.6838023,-73.8335179
1387,20:45,40.677886,-73.862028
1388,15:44,40.8291981,-73.8715268
1389,22:50,40.6933238,-73.7400921
1390,16:00,40.7531234,-73.8599956
1391,7:30,40.8360391,-73.9243012
1392,16:35,40.6893537,-73.9820848
1393,23:10,40.6718807,-73.9546431
1394,21:30,40.8237086,-73.8789911
1395,14:00,40.6693849,-73.8076936
1396,4:05,40.6329926,-73.8827194
1397,17:00,40.7672943,-73.839515
1398,20:00,40.8361431,-73.8898637
1399,11:50,40.6287975,-74.152674
1400,23:00,40.8132328,-73.9090874
1401,10:05,40.7240969,-73.9927138
1402,0:20,40.890421,-73.855638
1403,17:04,40.6931768,-73.9708723
1404,19:15,40.8704108,-73.9043802
1405,20:55,40.579796,-73.8372573
1406,20:21,40.8514052,-73.9060595
1407,19:51,40.673808,-74.0000475
1408,14:22,40.6765773,-73.9443225
1409,10:00,40.8294199,-73.9418898
1410,20:20,40.795543,-73.9480854
1411,18:53,40.713516,-73.8148512
1412,2:29,40.6621711,-73.9536922
1413,20:00,40.8531378,-73.9272439
1414,10:30,40.7337466,-73.9548433
1415,10:30,40.6744752,-73.7414308
1416,21:50,40.817922,-73.949734
1417,16:42,40.8617455,-73.8913339
1418,12:58,40.6466292,-73.9556423
1419,14:50,40.7461062,-73.7184806
1420,1:43,40.8131179,-73.898378
1421,7:33,40.8027431,-73.9492612
1422,20:30,40.6357413,-73.9085231
1423,20:22,40.6668839,-73.9452096
1424,14:40,40.8713012,-73.8435598
1425,14:00,40.6441774,-73.9578632
1426,23:00,40.8228501,-73.9419318
1427,8:00,40.6781749,-73.8836812
1428,19:55,40.6779449,-73.884474
1429,3:21,40.6553529,-73.930733
1430,17:40,40.7431217,-73.9196514
1431,11:15,40.6781792,-73.8977501
1432,1:25,40.8205213,-73.8881109
1433,18:30,40.663789,-73.8899106
1434,17:52,40.6606454,-73.9535448
1435,11:55,40.6442561,-73.8910277
1436,18:30,49.080171,-122.644196
1437,21:19,40.6718493,-73.764352
1438,11:40,40.7536329,-73.9694279
1439,16:56,40.6751729,-73.7378107
1440,12:40,40.7887513,-73.9378451
1441,13:24,40.6068721,-73.9479571
1442,16:25,40.7810697,-73.949429
1443,10:15,40.6953706,-73.763242
1444,12:30,40.692149,-73.919459
1445,11:46,40.7067924,-73.859039
1446,23:30,40.7340446,-73.8730331
1447,23:20,40.6558645,-73.9101276
1448,7:05,40.7922478,-73.9441767
1449,1:07,40.6688668,-73.9283312
1450,19:47,40.6369272,-74.152105
1451,20:52,40.8734199,-73.8758833
1452,9:49,40.6927677,-73.7450619
1453,17:56,40.8254644,-73.9131792
1454,0:50,40.7237415,-73.9910319
1455,22:25,40.811148,-73.9289041
1456,23:40,40.752367,-73.9703354
1457,10:00,40.9317412,-73.7619673
1458,21:00,40.7555458,-73.8333497
1459,20:33,40.7389317,-73.9873611
1460,15:05,40.6828778,-73.8671595
1461,23:20,40.6384047,-73.9976891
1462,13:45,40.7184369,-74.0005348
1463,12:03,40.7021492,-73.8203221
1464,7:28,40.6257258,-73.956474
1465,2:15,40.6538464,-73.930679
1466,11:50,40.8467851,-73.8837997
1467,16:13,40.810148,-73.9082225
1468,23:52,40.7440493,-74.003174
1469,15:30,40.7942941,-73.9490104
1470,22:20,40.826007,-73.8968469
1471,7:18,40.6735749,-73.952937
1472,12:20,40.8988146,-73.8622191
1473,3:43,40.6430688,-73.9516563
1474,12:00,40.7415066,-73.8750038
1475,14:40,40.7788867,-73.9602326
1476,10:19,40.6676988,-73.8958205
1477,23:10,43.6360657,-79.4300667
1478,3:18,40.680539,-73.886735
1479,17:35,40.6848229,-73.9917674
1480,20:00,40.8847109,-73.8313251
1481,14:15,40.7497375,-73.9740586
1482,11:15,40.6802666,-74.0049857
1483,2:59,40.6576951,-73.9254144
1484,12:17,40.8771064,-73.8876268
1485,23:25,40.8517623,-73.9419244
1486,2:30,40.7035848,-73.944331
1487,11:22,40.6626751,-73.9456175
1488,23:10,40.8079728,-73.95387
1489,11:36,40.6400671,-74.1304761
1490,18:56,40.8619281,-73.8917617
1491,14:50,40.759905,-73.7603655
1492,3:00,40.7123481,-73.8913982
1493,7:00,40.7368945,-73.8076359
1494,0:01,40.7159912,-73.9867007
1495,17:45,40.661486,-73.7419798
1496,17:58,40.8029145,-73.9202829
1497,6:03,40.7635785,-73.9218766
1498,10:30,40.6460671,-73.8968716
1499,19:05,40.6963642,-73.9764361
1500,16:32,40.6299482,-73.9464556
1501,3:10,40.6300036,-73.9715137
1502,13:00,40.6547799,-73.8899863
1503,22:00,40.6945522,-73.802108
1504,3:30,40.6339835,-74.0972504
1505,19:55,40.618635,-73.98008
1506,10:15,40.5798697,-73.9718158
1507,14:30,40.6740351,-73.840623
1508,19:47,40.7634329,-73.9927025
1509,20:30,40.8580507,-73.9052692
1510,10:45,40.601476,-73.993051
1511,16:50,40.679477,-73.893928
1512,13:30,40.6329926,-73.8827194
1513,9:20,40.6466722,-74.0889325
1514,11:45,40.8755156,-73.8764932
1515,20:54,40.6341637,-74.0073474
1516,0:00,40.6472405,-73.9605404
1517,1:41,40.6351948,-73.9286246
1518,8:20,40.739849,-73.9895885
1519,3:01,40.8577727,-73.9009323
1520,19:07,40.8466722,-73.8961874
1521,1:02,40.7269691,-73.841387
1522,14:50,40.8196197,-73.9017399
1523,17:30,40.6995379,-73.7477792
1524,22:56,40.6905638,-73.9453605
1525,0:15,40.6295857,-74.0121295
1526,15:47,40.6352796,-73.9273265
1527,12:05,40.7573614,-73.77741
1528,6:30,40.6998476,-73.8097263
1529,16:40,40.6337169,-73.8896856
1530,18:00,40.8243797,-73.8713703
1531,10:46,40.6621381,-73.9010646
1532,19:00,49.2368614,-122.8769026
1533,10:36,40.6982593,-73.908775
1534,20:25,40.7491608,-73.9727004
1535,10:10,40.6946366,-73.9490712
1536,14:20,40.6173882,-73.9657433
1537,3:35,40.622233,-73.9906806
1538,11:30,40.7525143,-73.8526012
1539,19:18,40.7291949,-73.9872407
1540,14:20,40.7203116,-73.9617075
1541,5:25,40.6652499,-73.73956
1542,14:00,40.641253,-73.9437273
1543,19:10,40.8277681,-73.9496129
1544,16:49,40.6752488,-73.9710588
1545,23:15,40.7709979,-73.833235
1546,16:15,40.6994219,-73.91228
1547,4:58,40.7868316,-73.9452591
1548,5:30,40.7134323,-73.7592128
1549,8:55,40.7521288,-73.9755691
1550,9:30,40.7528119,-73.9792738
1551,16:39,40.6601969,-73.9141368
1552,3:30,40.6887178,-73.8470943
1553,17:08,40.762056,-73.7445842
1554,21:55,40.6604199,-73.9342547
1555,19:30,40.694096,-73.811412
1556,6:10,40.6799978,-73.7874384
1557,19:18,40.8226746,-73.8425899
1558,14:50,40.6372976,-74.1150028
1559,3:18,40.8635927,-73.9107281
1560,4:19,40.8441805,-73.8974425
1561,16:00,40.6385141,-73.9259643
1562,23:39,40.8626938,-73.9090204
1563,12:53,40.6443868,-73.9498526
1564,19:17,40.6393258,-74.0235209
1565,0:00,40.828049,-73.863572
1566,22:20,53.544609,-113.5121284
1567,16:28,40.6159963,-73.9448142
1568,11:00,40.7612049,-73.7880662
1569,13:30,40.6802376,-73.9467502
1570,18:09,40.8650589,-73.921855
1571,0:30,40.7472387,-73.887785
1572,2:30,40.758715,-73.9379064
1573,1:03,40.82811,-73.9202052
1574,18:25,40.7456028,-73.8680829
1575,15:30,40.7313474,-73.9825664
1576,11:46,40.7085984,-73.8389986
1577,16:51,40.6215384,-73.9242362
1578,6:29,40.7534887,-73.9808774
1579,23:25,40.795543,-73.9480854
1580,10:30,40.6258142,-73.9334991
1581,14:07,40.7092067,-73.9684816
1582,6:00,40.743458,-73.9881992
1583,11:00,40.7499212,-73.8622805
1584,7:00,40.5769936,-73.9815755
1585,2:58,40.8481001,-73.9309153
1586,1:00,40.674994,-73.8565333
1587,7:12,40.6265758,-73.9708592
1588,2:12,40.7236345,-74.0048128
1589,22:10,40.666581,-73.892526
1590,4:50,40.7491626,-73.8693984
1591,9:00,40.7157141,-73.8077761
1592,21:40,40.6302957,-73.9781681
1593,1:10,40.6024728,-73.9664237
1594,18:40,40.7587056,-73.9853435
1595,13:24,40.864637,-73.8921297
1596,18:15,40.7609284,-73.9945429
1597,0:35,40.6481144,-73.9147483
1598,2:30,40.7557622,-73.9647911
1599,1:22,40.622464,-74.072535
1600,4:00,40.67206,-73.9252503
1601,17:25,40.7321992,-73.7212991
1602,22:27,40.7699167,-73.9167741
1603,1:00,40.6800934,-73.8774089
1604,6:16,40.8120776,-73.9041361
1605,2:50,40.702913,-73.780868
1606,17:20,40.6497835,-73.9622055
1607,15:30,40.8675955,-73.9184484
1608,10:00,40.8414738,-73.8314219
1609,16:45,40.6703395,-73.7924375
1610,4:15,40.6636841,-73.8889268
1611,11:00,40.553436,-74.1624802
1612,7:47,40.6404446,-73.9562323
1613,16:45,40.731618,-73.851479
1614,21:16,40.6101927,-73.9604547
1615,16:18,40.7107731,-73.7706308
1616,4:10,40.7615661,-73.9940792
1617,11:00,40.7185362,-73.7995197
1618,9:50,40.707863,-73.8510827
1619,23:30,40.7055923,-73.8581498
1620,17:00,40.6710667,-73.851097
1621,8:05,40.8718427,-73.8614166
1622,14:00,40.635318,-74.023235
1623,0:00,40.6989983,-73.956994
1624,17:26,40.6452408,-74.1077451
1625,15:22,40.692059,-73.8348064
1626,21:45,40.75923,-73.9846345
1627,14:44,40.6705852,-73.7650926
1628,9:55,40.7765172,-73.9159225
1629,18:30,40.6838023,-73.8335179
1630,15:30,40.6670204,-73.9003992
1631,22:41,40.819573,-73.820718
1632,7:53,40.8216532,-73.8879747
1633,18:00,40.7140777,-73.9559832
1634,19:48,34.1422324,-114.1844572
1635,6:50,40.6752126,-73.9044812
1636,5:20,40.6166803,-74.1235822
1637,2:30,40.8398419,-73.9239147
1638,10:56,40.7385693,-73.9055447
1639,15:16,40.6828147,-73.8511252
1640,18:10,40.5772716,-74.1029627
1641,3:11,40.8384569,-73.9218588
1642,22:45,40.7132689,-73.7358869
1643,8:15,40.802546,-73.9430016
1644,10:50,40.8676767,-73.8556514
1645,12:43,40.7692478,-73.9948587
1646,20:45,40.8917815,-73.8522781
1647,1:41,40.8566322,-73.8676378
1648,16:21,40.8627679,-73.9010744
1649,2:53,40.5893626,-73.9809317
1650,14:15,40.828641,-73.853429
1651,16:00,40.8287402,-73.9147335
1652,13:25,40.7207713,-73.9906387
1653,14:28,40.6094001,-73.9677351
1654,9:25,40.8482498,-73.9183445
1655,17:05,40.8426601,-73.8905163
1656,8:55,40.6817384,-73.9585805
1657,12:26,40.7199393,-73.9929879
1658,10:30,40.7135082,-73.9157244
1659,1:32,40.6072431,-73.9198367
1660,0:30,40.78366,-73.9435029
1661,8:09,40.6446368,-73.9431159
1662,7:22,40.8213113,-73.8854083
1663,17:19,40.734804,-73.9907299
1664,11:25,40.7033818,-73.759188
1665,16:00,40.6156136,-73.959584
1666,0:20,40.7208401,-73.9566414
1667,16:40,40.8778199,-73.8680964
1668,19:45,40.7565386,-73.9940357
1669,10:00,40.7033226,-73.8001883
1670,0:00,40.6597253,-73.7398211
1671,20:03,40.6340822,-73.9285005
1672,8:30,40.6980572,-73.7305097
1673,20:04,40.6166771,-73.9498073
1674,9:45,40.8840344,-73.8642501
1675,16:33,40.7381522,-73.8056692
1676,20:40,40.7589993,-73.993931
1677,16:05,40.6306959,-73.9252167
1678,12:15,40.766279,-73.8882791
1679,0:00,40.6735853,-73.9078886
1680,14:30,40.8606307,-73.9109256
1681,10:07,40.6929249,-73.7802835
1682,23:02,40.8044148,-73.9117911
1683,1:50,40.758015,-73.9817903
1684,10:00,40.8107718,-73.9526146
1685,14:57,40.6957713,-73.9693474
1686,16:45,40.7582759,-73.9333495
1687,17:00,40.734291,-73.8646097
1688,2:25,40.6309385,-73.9204517
1689,15:15,40.7585917,-73.9850796
1690,8:20,40.7216524,-73.9935975
1691,21:05,40.6151859,-73.9836605
1692,17:30,40.5948416,-73.933052
1693,6:30,40.7276423,-73.8442838
1694,16:48,40.8357149,-73.8920449
1695,14:50,40.6365985,-74.0818602
1696,9:12,40.8392277,-73.9412343
1697,22:30,40.7075982,-73.95554
1698,23:10,40.7002565,-73.7928539
1699,7:42,40.6154322,-73.9977602
1700,8:55,40.6654998,-73.9106343
1701,11:04,40.8157337,-73.8952317
1702,14:40,40.7589176,-73.999694
1703,7:45,40.6154822,-74.0694495
1704,13:36,38.5396117,-121.4261516
1705,16:10,40.8181146,-73.899313
1706,14:50,40.696349,-73.79666
1707,16:00,40.7433511,-73.9080221
1708,6:00,40.8770646,-73.9060701
1709,18:40,40.8339606,-73.9087319
1710,16:36,40.7297822,-73.9868242
1711,5:30,40.6562978,-73.7673807
1712,22:15,40.5583087,-74.1645376
1713,15:36,40.879593,-73.8753746
1714,13:00,40.6729349,-74.0106787
1715,23:01,40.8344277,-73.910327
1716,21:10,40.8226748,-73.9200706
1717,17:40,40.6805257,-73.7747327
1718,19:36,40.7152785,-74.0135399
1719,7:27,40.683842,-73.802564
1720,9:02,40.8335321,-73.8964078
1721,5:46,40.6924765,-73.8009912
1722,0:50,40.8092781,-73.908543
1723,21:02,40.8885895,-73.8498878
1724,5:40,40.6354457,-73.9791091
1725,16:08,40.8234967,-73.9245236
1726,17:20,40.6111769,-74.1055983
1727,0:00,49.1628077,-122.7565282
1728,16:06,40.8210069,-73.8915922
1729,15:45,40.5993922,-73.9513643
1730,13:35,40.8323067,-73.9096756
1731,6:52,40.6746504,-74.007758
1732,15:54,40.6705852,-73.7650926
1733,1:26,40.8557533,-73.8854348
1734,22:35,40.8185968,-73.927234
1735,22:32,40.8459586,-73.8845066
1736,13:45,40.5596885,-74.1444351
1737,15:00,40.8596116,-73.8673664
1738,22:30,40.6601727,-73.7557966
1739,19:00,40.576498,-73.9664019
1740,20:34,40.8192893,-73.8083105
1741,11:50,40.7887192,-73.7823429
1742,19:55,40.7973117,-73.9344566
1743,6:45,40.6971618,-73.7275294
1744,16:07,40.7552468,-73.9412309
1745,9:20,40.6830433,-73.9647875
1746,17:00,40.6480213,-73.9522028
1747,1:08,40.6385602,-74.1073666
1748,13:00,40.877515,-73.8668592
1749,0:20,40.6958006,-73.818885
1750,20:33,40.6109074,-73.9252238
1751,16:15,40.6564837,-73.9241085
1752,7:21,40.7309991,-73.8645492
1753,21:59,40.678625,-73.9529826
1754,17:00,40.702788,-73.85704
1755,0:08,40.7174322,-73.7922559
1756,21:00,40.7591141,-73.992142
1757,0:30,40.78366,-73.9435029
1758,15:30,40.8322859,-73.9136917
1759,10:21,40.8466722,-73.8961874
1760,16:47,40.7020161,-73.8800847
1761,10:00,40.856749,-73.8952607
1762,9:37,40.7370109,-73.8752523
1763,12:02,40.642942,-73.9773203
1764,17:30,40.7363798,-73.7941084
1765,16:20,40.6847,-73.772961
1766,13:30,40.6767253,-73.8436233
1767,18:44,40.698917,-73.7703469
1768,4:43,40.704844,-73.9056016
1769,20:00,40.6949924,-73.9525012
1770,16:07,40.6558645,-73.9101276
1771,17:00,40.737198,-73.9056173
1772,16:10,40.6758593,-73.8506642
1773,18:40,40.5991445,-73.7948462
1774,21:15,40.698346,-73.890198
1775,12:30,40.8936698,-73.8606144
1776,16:00,49.1586632,-122.8569313
1777,19:00,40.7007632,-73.8101892
1778,18:35,40.6790438,-73.9786739
1779,12:02,40.8400249,-73.8372959
1780,19:00,40.8270754,-73.949857
1781,4:56,40.652436,-73.9226996
1782,22:32,40.7486182,-73.8360086
1783,19:17,40.8804931,-73.8859707
1784,14:00,40.66546,-73.763885
1785,14:35,40.7238094,-74.0060618
1786,23:15,49.1099165,-122.8122451
1787,13:00,40.6733217,-73.8951925
1788,16:39,40.7090734,-74.0089091
1789,16:29,40.742992,-73.7756629
1790,21:30,40.6470708,-74.0120658
1791,6:50,40.5837684,-73.9574959
1792,18:30,40.6227251,-73.9393385
1793,19:40,40.7436597,-73.856041
1794,0:30,40.7447228,-73.9484861
1795,18:45,40.6546551,-73.9220306
1796,22:10,40.8345521,-73.8658533
1797,19:59,40.6337169,-73.8896856
1798,20:52,40.667262,-73.8879895
1799,13:00,40.6317172,-73.9464951
1800,9:19,40.6251509,-74.1486956
1801,2:50,40.7589831,-73.9624438
1802,0:00,40.8313119,-73.8445823
1803,11:10,34.003947,-117.9430258
1804,7:30,40.7366894,-73.9931526
1805,10:00,40.6973233,-73.7410209
1806,19:20,40.7252702,-73.8161502
1807,17:00,40.676917,-73.8527166
1808,3:18,40.6553056,-73.9041825
1809,21:00,40.686294,-73.985259
1810,14:25,40.7098668,-73.9669533
1811,14:23,40.6340296,-73.9489391
1812,5:30,40.7760357,-73.9152301
1813,14:15,40.7220879,-73.7462226
1814,6:19,40.71106,-73.9099606
1815,18:16,40.6050708,-73.9298714
1816,14:00,40.7632006,-73.8064221
1817,1:07,40.8356603,-73.939565
1818,8:33,40.6420511,-73.9812283
1819,17:28,40.7446868,-73.9873046
1820,8:00,40.6814074,-73.8533316
1821,15:20,40.8143114,-73.9530948
1822,9:20,40.8694272,-73.8426391
1823,11:24,40.8443466,-73.9147479
1824,23:50,40.7825532,-73.8028482
1825,10:30,40.5873126,-73.9394404
1826,2:50,40.7479306,-73.9736107
1827,18:00,40.7034944,-73.8955241
1828,6:49,40.7228604,-73.847696
1829,12:45,40.8569819,-73.9089702
1830,20:20,40.6952117,-73.9284456
1831,8:00,40.70796,-73.8281453
1832,9:00,40.7445574,-73.8708165
1833,14:06,40.5941583,-74.0866478
1834,22:00,40.7448822,-73.8762755
1835,15:00,40.7209004,-73.995751
1836,14:56,40.8624419,-73.922516
1837,14:30,40.5786439,-74.1016594
1838,16:26,40.8048942,-73.962482
1839,0:38,40.648355,-73.910004
1840,13:00,40.5817224,-73.8913259
1841,12:55,40.6597314,-73.7737576
1842,9:55,40.6789252,-74.0110495
1843,14:50,40.702472,-73.756793
1844,17:35,40.8541324,-73.8908848
1845,7:30,40.6641266,-73.9482242
1846,17:13,40.7214641,-73.8927017
1847,14:10,40.6767168,-73.9164514
1848,11:25,40.6894388,-73.9422214
1849,14:59,40.7555136,-73.7926329
1850,8:40,40.015139,-83.0070618
1851,12:44,40.6646102,-73.8950177
1852,14:55,40.6078247,-73.9620309
1853,16:07,40.8410522,-73.9446953
1854,9:15,40.6959467,-73.9845715
1855,2:21,40.720046,-73.9553481
1856,17:28,40.8261048,-73.8612078
1857,8:14,40.6762258,-74.0009694
1858,16:25,40.6105286,-74.0080592
1859,14:25,40.8189898,-73.8866954
1860,14:45,40.6673737,-73.9227397
1861,21:20,40.7549562,-73.8538398
1862,21:25,40.5963938,-73.7441187
1863,16:55,40.754499,-73.9656921
1864,16:55,40.8300392,-73.8727645
1865,10:40,40.7008089,-73.9605084
1866,5:52,40.8644511,-73.8132977
1867,20:45,40.7438834,-73.9261869
1868,13:47,40.6510561,-73.9726853
1869,8:55,40.689856,-73.998412
1870,8:43,40.8456451,-73.8977096
1871,19:00,40.6727695,-73.9709084
1872,2:32,40.8456391,-73.9020559
1873,10:00,40.763681,-73.8230309
1874,16:05,40.6622004,-73.8922574
1875,18:35,40.9037568,-73.8432585
1876,17:00,40.6407803,-74.0291842
1877,20:46,40.8240216,-73.9447158
1878,20:20,40.6421444,-73.9293076
1879,17:00,40.8682943,-73.9010744
1880,15:25,40.8406997,-73.8454385
1881,10:58,40.6358058,-73.9949041
1882,5:00,40.7250003,-73.8947074
1883,16:17,40.7706348,-73.7354489
1884,12:45,40.8557859,-73.9055829
1885,12:36,40.6595077,-73.7736867
1886,16:00,40.7428066,-73.9168995
1887,21:05,40.6480715,-73.8978304
1888,17:00,40.8044542,-73.9396747
1889,7:10,40.677208,-73.897225
1890,19:00,40.7083274,-73.8323674
1891,3:45,40.6447948,-74.0174335
1892,19:00,40.7190108,-73.9501908
1893,0:00,40.6528564,-73.8862571
1894,8:19,40.8650452,-73.8369943
1895,22:05,40.822828,-73.9165628
1896,15:00,40.6961408,-73.9272629
1897,15:00,40.7024274,-73.817456
1898,16:34,40.7570336,-73.9077946
1899,14:15,40.6118459,-74.1384376
1900,0:00,40.6866859,-73.9793655
1901,20:21,40.732278,-73.849264
1902,14:45,40.7223174,-74.0116445
1903,18:54,40.7328453,-73.9959419
1904,14:14,40.6259862,-73.9762395
1905,22:59,40.7694083,-73.8802813
1906,15:00,40.736997,-73.851688
1907,19:10,18.5889215,73.7512985
1908,0:15,40.598519,-73.9730359
1909,23:10,40.7228387,-73.9568664
1910,22:43,40.8345521,-73.8658533
1911,10:15,40.7472995,-73.9758304
1912,22:05,40.6516458,-73.9173896
1913,15:50,40.8841352,-73.8261133
1914,7:53,49.1081652,-122.8436088
1915,22:15,40.6743272,-73.9706674
1916,9:06,40.7156424,-73.8164334
1917,13:40,40.8822669,-73.8670572
1918,18:30,40.8016305,-73.9388476
1919,19:49,40.6521388,-73.9591909
1920,23:57,40.8381372,-73.8872935
1921,13:33,40.5952173,-73.7532127
1922,2:00,40.6758151,-73.9304553
1923,8:39,40.614241,-73.988234
1924,22:25,40.6909178,-73.7281825
1925,6:16,40.8462157,-73.842034
1926,0:00,40.6652961,-73.7677961
1927,22:40,40.7597208,-73.7612538
1928,10:54,40.6655608,-73.9928837
1929,14:45,40.7615633,-73.9666081
1930,9:35,40.8560948,-73.9064578
1931,15:08,40.6372227,-73.932748
1932,21:00,40.681724,-73.996209
1933,0:00,40.7185771,-73.7957088
1934,9:00,40.6219431,-73.9686552
1935,15:15,40.7531456,-73.8726024
1936,8:36,40.6175812,-74.0304882
1937,17:15,40.6447948,-74.0174335
1938,21:15,40.7566019,-73.8751297
1939,8:42,40.7472995,-73.9758304
1940,17:57,40.8309382,-73.9205123
1941,14:45,45.7130299,-122.7080626
1942,14:40,40.6728534,-73.9733738
1943,12:20,40.86014,-73.892191
1944,2:10,40.6201826,-74.0769379
1945,23:20,40.6465005,-73.9268977
1946,13:17,40.7750168,-73.9630991
1947,1:13,40.7275967,-73.9852947
1948,16:47,40.6889575,-73.7620478
1949,21:14,40.6140717,-74.0139139
1950,18:40,40.7816901,-73.8423205
1951,19:50,40.7228903,-73.8001677
1952,17:20,40.7636321,-73.9989763
1953,16:46,40.7699396,-73.9943209
1954,12:00,40.6666981,-73.7671151
1955,16:45,40.683443,-73.7347121
1956,11:47,40.70017,-73.9622043
1957,14:30,40.6621335,-73.9197084
1958,20:00,40.7330222,-73.8541988
1959,16:40,40.7624844,-73.9629638
1960,18:00,40.577988,-73.9569231
1961,20:20,40.6542351,-73.9107151
1962,21:50,40.714075,-73.9516455
1963,11:00,40.608145,-74.004113
1964,4:17,40.6910272,-73.989412
1965,1:03,40.6919848,-73.8102401
1966,10:45,40.721181,-73.958648
1967,13:30,40.626184,-73.994146
1968,0:10,40.6403597,-73.9426559
1969,16:00,40.576498,-73.9664019
1970,19:00,40.5731593,-73.9927805
1971,20:32,40.6816707,-73.9674534
1972,7:30,40.6677036,-73.809126
1973,17:00,40.6377156,-74.088054
1974,14:35,40.6811154,-73.8776375
1975,19:16,40.8141868,-73.9212178
1976,22:41,40.7570921,-73.9698679
1977,10:33,40.8282064,-73.8860406
1978,23:57,40.843961,-73.9390287
1979,21:20,40.5140763,-74.2417542
1980,17:25,40.8328124,-73.9459209
1981,8:55,40.6674365,-73.7667651
1982,18:27,40.734291,-73.8646097
1983,15:00,40.696871,-73.78072
1984,17:02,40.7555136,-73.7926329
1985,16:46,40.8518891,-73.8967094
1986,8:15,40.6544322,-73.8908057
1987,17:02,40.738445,-73.878235
1988,18:09,40.752707,-73.7414379
1989,15:05,40.7572296,-73.9760446
1990,22:00,40.7160845,-73.8030267
1991,18:05,40.5786507,-73.9873434
1992,0:00,40.6459145,-73.9580258
1993,0:05,40.7460894,-73.9749321
1994,18:08,40.8615656,-73.9247386
1995,22:20,40.8027602,-73.9335801
1996,9:47,40.755839,-73.834475
1997,15:40,40.6838023,-73.8335179
1998,2:45,40.6246649,-74.1785334
1999,18:15,40.6825918,-73.962613